{
  "DANN": {
    "accuracy": 0.890278338039532,
    "f1": 0.8637476714203326,
    "auc": 0.9943558682578013
  },
  "CDAN": {
    "accuracy": 0.8858410649455426,
    "f1": 0.8559591143716195,
    "auc": 0.9943811834011286
  },
  "FixBi": {
    "accuracy": 0.9048003227107705,
    "f1": 0.8701242775031087,
    "auc": 0.995114408644671
  },
  "ToAlign": {
    "accuracy": 0.8838241226300928,
    "f1": 0.8544413177214251,
    "auc": 0.9915450100628206
  },
  "DATL (Ours)": {
    "accuracy": 0.8797902379991932,
    "f1": 0.8502291454095926,
    "auc": 0.9938814985719259
  }
}