{
  "DANN": {
    "accuracy": 0.9285948845185537,
    "f1": 0.8919876626557173,
    "auc": 0.9971048068007756
  },
  "CDAN": {
    "accuracy": 0.9145473784069763,
    "f1": 0.8595983032535824,
    "auc": 0.9794150706184311
  },
  "FixBi": {
    "accuracy": 0.9152041449264786,
    "f1": 0.8596435986635113,
    "auc": 0.9907783539982192
  },
  "ToAlign": {
    "accuracy": 0.9122486955887182,
    "f1": 0.8544084638983445,
    "auc": 0.9777321863161702
  },
  "DATL (Ours)": {
    "accuracy": 0.9553033896449812,
    "f1": 0.933459364676089,
    "auc": 0.9987537763903616
  }
}